target_word,verified_reference_ipa
3rd,
actually,
afternoon,
again,
age,
"age,",
all,
also,
angry,
another,
answer,
away,
bag,
balloon,
balloons,
band,
"band,",
bands,
basketball,
bed,
"bed,",
before,
began,
birthday,
"birthday,",
black,
bother,
cake,
"cake,",
car,
chance,
change,
cinema,
club,
coffee,
"coffee,",
company,
concern,
concerns,
convinced,
cook,
cooking,
corners,
cried,
dark,
dog,
"dog,",
drink,
drinking,
duck,
escaped,
exactly,
father,
"father,",
feast,
first,
fist,
fool,
foot,
forest,
four,
fun,
garden,
"garden,",
gave,
girl,
go,
good,
had,
half,
hand,
"hand,",
hands,
"hands,",
have,
heard,
himself,
his,
hot,
however,
husband,
large,
"large,",
large-,
little,
long,
looking,
louder,
man,
"man,",
more,
mountain,
movie,
much,
nightclub,
of,
once,
party,
people,
pet,
pig,
plan,
plane,
pleasure,
pool,
popcorn,
"popcorn,",
pub,
question,
raising,
ran,
red,
"red,",
repaired,
repeated,
repressed,
rinsing,
run,
rushed,
sad,
"sad,",
safety,
same,
sea,
seen,
sheep,
shepherd,
ship,
shoe,
short,
shot,
sit,
sitting,
skirt,
"skirt,",
skirts,
stayed,
successful,
sunny,
swim,
swimming,
taught,
teeth,
the,
there,
third,
this,
though,
thought,
threaten,
three,
took,
towed,
treat,
trick,
tried,
turtle,
two,
up,
vegetable,
vegetables,
"vegetables,",
very,
village,
"village,",
watch,
watching,
"watching,",
weather,
while,
who,
wolf,
woman,
woman',
zoo,
